{"cameraMode":{"drawMode":0,"name":"Shaded","section":"Shading Mode"},"sceneLighting":true,"audioPlay":false,"sceneViewState":{"m_AlwaysRefresh":false,"showFog":true,"showSkybox":true,"showFlares":true,"showImageEffects":true,"showParticleSystems":true,"showVisualEffectGraphs":true,"m_FxEnabled":true},"in2DMode":false,"pivot":{"x":17.012775421142579,"y":-52.207969665527347,"z":33.01760482788086},"rotation":{"x":-0.43516701459884646,"y":-0.017017345875501634,"z":0.008226871490478516,"w":-0.9001518487930298},"size":42.05390930175781,"orthographic":false}